<TextureAtlas imagePath="items_sheet.png">
	<SubTexture name="bomb.png" x="280" y="210" width="70" height="70"/>
	<SubTexture name="bombFlash.png" x="129" y="70" width="70" height="70"/>
	<SubTexture name="bush.png" x="129" y="0" width="70" height="70"/>
	<SubTexture name="buttonBlue.png" x="128" y="142" width="70" height="70"/>
	<SubTexture name="buttonBlue_pressed.png" x="70" y="423" width="70" height="70"/>
	<SubTexture name="buttonGreen.png" x="70" y="353" width="70" height="70"/>
	<SubTexture name="buttonGreen_pressed.png" x="70" y="283" width="70" height="70"/>
	<SubTexture name="buttonRed.png" x="140" y="212" width="70" height="70"/>
	<SubTexture name="buttonRed_pressed.png" x="0" y="423" width="70" height="70"/>
	<SubTexture name="buttonYellow.png" x="0" y="353" width="70" height="70"/>
	<SubTexture name="buttonYellow_pressed.png" x="0" y="283" width="70" height="70"/>
	<SubTexture name="cactus.png" x="70" y="213" width="70" height="70"/>
	<SubTexture name="chain.png" x="0" y="213" width="70" height="70"/>
	<SubTexture name="cloud1.png" x="0" y="142" width="128" height="71"/>
	<SubTexture name="cloud2.png" x="0" y="0" width="129" height="71"/>
	<SubTexture name="cloud3.png" x="0" y="71" width="129" height="71"/>
	<SubTexture name="coinBronze.png" x="269" y="70" width="70" height="70"/>
	<SubTexture name="coinGold.png" x="280" y="350" width="70" height="70"/>
	<SubTexture name="coinSilver.png" x="269" y="0" width="70" height="70"/>
	<SubTexture name="fireball.png" x="490" y="280" width="70" height="70"/>
	<SubTexture name="flagBlue.png" x="490" y="210" width="70" height="70"/>
	<SubTexture name="flagBlue2.png" x="479" y="70" width="70" height="70"/>
	<SubTexture name="flagBlueHanging.png" x="479" y="0" width="70" height="70"/>
	<SubTexture name="flagGreen.png" x="478" y="140" width="70" height="70"/>
	<SubTexture name="flagGreen2.png" x="420" y="490" width="70" height="70"/>
	<SubTexture name="flagGreenHanging.png" x="420" y="420" width="70" height="70"/>
	<SubTexture name="flagRed.png" x="420" y="350" width="70" height="70"/>
	<SubTexture name="flagRed2.png" x="420" y="280" width="70" height="70"/>
	<SubTexture name="flagRedHanging.png" x="420" y="210" width="70" height="70"/>
	<SubTexture name="flagYellow.png" x="409" y="70" width="70" height="70"/>
	<SubTexture name="flagYellow2.png" x="409" y="0" width="70" height="70"/>
	<SubTexture name="flagYellowHanging.png" x="408" y="140" width="70" height="70"/>
	<SubTexture name="gemBlue.png" x="350" y="490" width="70" height="70"/>
	<SubTexture name="gemGreen.png" x="350" y="420" width="70" height="70"/>
	<SubTexture name="gemRed.png" x="350" y="350" width="70" height="70"/>
	<SubTexture name="gemYellow.png" x="350" y="280" width="70" height="70"/>
	<SubTexture name="keyBlue.png" x="350" y="210" width="70" height="70"/>
	<SubTexture name="keyGreen.png" x="339" y="70" width="70" height="70"/>
	<SubTexture name="keyRed.png" x="339" y="0" width="70" height="70"/>
	<SubTexture name="keyYellow.png" x="338" y="140" width="70" height="70"/>
	<SubTexture name="mushroomBrown.png" x="280" y="490" width="70" height="70"/>
	<SubTexture name="mushroomRed.png" x="280" y="420" width="70" height="70"/>
	<SubTexture name="particleBrick1a.png" x="0" y="535" width="19" height="14"/>
	<SubTexture name="particleBrick1b.png" x="0" y="493" width="21" height="21"/>
	<SubTexture name="particleBrick2a.png" x="19" y="535" width="19" height="14"/>
	<SubTexture name="particleBrick2b.png" x="0" y="514" width="21" height="21"/>
	<SubTexture name="plant.png" x="280" y="280" width="70" height="70"/>
	<SubTexture name="plantPurple.png" x="210" y="490" width="70" height="70"/>
	<SubTexture name="rock.png" x="210" y="420" width="70" height="70"/>
	<SubTexture name="snowhill.png" x="210" y="350" width="70" height="70"/>
	<SubTexture name="spikes.png" x="210" y="280" width="70" height="70"/>
	<SubTexture name="springboardDown.png" x="268" y="140" width="70" height="70"/>
	<SubTexture name="springboardUp.png" x="210" y="210" width="70" height="70"/>
	<SubTexture name="star.png" x="199" y="70" width="70" height="70"/>
	<SubTexture name="switchLeft.png" x="199" y="0" width="70" height="70"/>
	<SubTexture name="switchMid.png" x="198" y="140" width="70" height="70"/>
	<SubTexture name="switchRight.png" x="140" y="422" width="70" height="70"/>
	<SubTexture name="weight.png" x="140" y="352" width="70" height="70"/>
	<SubTexture name="weightChained.png" x="140" y="282" width="70" height="70"/>
</TextureAtlas>