<TextureAtlas imagePath="player_sheet.png">
	<SubTexture name="p1_duck.png" x="358" y="186" width="69" height="71"/>
	<SubTexture name="p1_front.png" x="494" y="184" width="66" height="92"/>
	<SubTexture name="p1_hurt.png" x="426" y="328" width="69" height="92"/>
	<SubTexture name="p1_jump.png" x="427" y="186" width="67" height="94"/>
	<SubTexture name="p1_stand.png" x="495" y="276" width="66" height="92"/>
	<SubTexture name="p1_walk01.png" x="216" y="291" width="72" height="97"/>
	<SubTexture name="p1_walk02.png" x="72" y="291" width="72" height="97"/>
	<SubTexture name="p1_walk03.png" x="72" y="194" width="72" height="97"/>
	<SubTexture name="p1_walk04.png" x="72" y="97" width="72" height="97"/>
	<SubTexture name="p1_walk05.png" x="72" y="0" width="72" height="97"/>
	<SubTexture name="p1_walk06.png" x="0" y="485" width="72" height="97"/>
	<SubTexture name="p1_walk07.png" x="0" y="388" width="72" height="97"/>
	<SubTexture name="p1_walk08.png" x="0" y="291" width="72" height="97"/>
	<SubTexture name="p1_walk09.png" x="0" y="194" width="72" height="97"/>
	<SubTexture name="p1_walk10.png" x="0" y="97" width="72" height="97"/>
	<SubTexture name="p1_walk11.png" x="0" y="0" width="72" height="97"/>
	<SubTexture name="p2_duck.png" x="426" y="514" width="67" height="72"/>
	<SubTexture name="p2_front.png" x="494" y="0" width="66" height="92"/>
	<SubTexture name="p2_hurt.png" x="427" y="94" width="67" height="92"/>
	<SubTexture name="p2_jump.png" x="428" y="0" width="66" height="94"/>
	<SubTexture name="p2_stand.png" x="493" y="512" width="66" height="92"/>
	<SubTexture name="p2_walk01.png" x="288" y="188" width="70" height="94"/>
	<SubTexture name="p2_walk02.png" x="356" y="470" width="70" height="94"/>
	<SubTexture name="p2_walk03.png" x="356" y="376" width="70" height="94"/>
	<SubTexture name="p2_walk04.png" x="288" y="282" width="70" height="94"/>
	<SubTexture name="p2_walk05.png" x="358" y="0" width="70" height="94"/>
	<SubTexture name="p2_walk06.png" x="288" y="94" width="70" height="94"/>
	<SubTexture name="p2_walk07.png" x="288" y="0" width="70" height="94"/>
	<SubTexture name="p2_walk08.png" x="286" y="482" width="70" height="94"/>
	<SubTexture name="p2_walk09.png" x="286" y="388" width="70" height="94"/>
	<SubTexture name="p2_walk10.png" x="216" y="482" width="70" height="94"/>
	<SubTexture name="p2_walk11.png" x="216" y="388" width="70" height="94"/>
	<SubTexture name="p3_duck.png" x="358" y="257" width="69" height="71"/>
	<SubTexture name="p3_front.png" x="494" y="92" width="66" height="92"/>
	<SubTexture name="p3_hurt.png" x="358" y="94" width="69" height="92"/>
	<SubTexture name="p3_jump.png" x="426" y="420" width="67" height="94"/>
	<SubTexture name="p3_stand.png" x="493" y="420" width="66" height="92"/>
	<SubTexture name="p3_walk01.png" x="72" y="388" width="72" height="97"/>
	<SubTexture name="p3_walk02.png" x="216" y="194" width="72" height="97"/>
	<SubTexture name="p3_walk03.png" x="216" y="97" width="72" height="97"/>
	<SubTexture name="p3_walk04.png" x="216" y="0" width="72" height="97"/>
	<SubTexture name="p3_walk05.png" x="144" y="485" width="72" height="97"/>
	<SubTexture name="p3_walk06.png" x="144" y="388" width="72" height="97"/>
	<SubTexture name="p3_walk07.png" x="144" y="291" width="72" height="97"/>
	<SubTexture name="p3_walk08.png" x="144" y="194" width="72" height="97"/>
	<SubTexture name="p3_walk09.png" x="144" y="97" width="72" height="97"/>
	<SubTexture name="p3_walk10.png" x="144" y="0" width="72" height="97"/>
	<SubTexture name="p3_walk11.png" x="72" y="485" width="72" height="97"/>
</TextureAtlas>