<TextureAtlas imagePath="tiles_sheet.png">
	<SubTexture name="box.png" x="0" y="0" width="70" height="70"/>
	<SubTexture name="boxAlt.png" x="420" y="420" width="70" height="70"/>
	<SubTexture name="boxCoin.png" x="0" y="630" width="70" height="70"/>
	<SubTexture name="boxCoinAlt.png" x="140" y="70" width="70" height="70"/>
	<SubTexture name="boxCoinAlt_disabled.png" x="140" y="140" width="70" height="70"/>
	<SubTexture name="boxCoin_disabled.png" x="0" y="700" width="70" height="70"/>
	<SubTexture name="boxEmpty.png" x="210" y="770" width="70" height="70"/>
	<SubTexture name="boxExplosive.png" x="210" y="840" width="70" height="70"/>
	<SubTexture name="boxExplosiveAlt.png" x="420" y="840" width="70" height="70"/>
	<SubTexture name="boxExplosive_disabled.png" x="420" y="770" width="70" height="70"/>
	<SubTexture name="boxItem.png" x="560" y="770" width="70" height="70"/>
	<SubTexture name="boxItemAlt.png" x="700" y="350" width="70" height="70"/>
	<SubTexture name="boxItemAlt_disabled.png" x="700" y="420" width="70" height="70"/>
	<SubTexture name="boxItem_disabled.png" x="560" y="840" width="70" height="70"/>
	<SubTexture name="boxWarning.png" x="350" y="840" width="70" height="70"/>
	<SubTexture name="brickWall.png" x="630" y="140" width="70" height="70"/>
	<SubTexture name="bridge.png" x="630" y="70" width="70" height="70"/>
	<SubTexture name="bridgeLogs.png" x="770" y="630" width="70" height="70"/>
	<SubTexture name="castle.png" x="770" y="560" width="70" height="70"/>
	<SubTexture name="castleCenter.png" x="770" y="490" width="70" height="70"/>
	<SubTexture name="castleCenter_rounded.png" x="770" y="420" width="70" height="70"/>
	<SubTexture name="castleCliffLeft.png" x="770" y="350" width="70" height="70"/>
	<SubTexture name="castleCliffLeftAlt.png" x="770" y="280" width="70" height="70"/>
	<SubTexture name="castleCliffRight.png" x="770" y="210" width="70" height="70"/>
	<SubTexture name="castleCliffRightAlt.png" x="770" y="140" width="70" height="70"/>
	<SubTexture name="castleHalf.png" x="770" y="70" width="70" height="70"/>
	<SubTexture name="castleHalfLeft.png" x="770" y="0" width="70" height="70"/>
	<SubTexture name="castleHalfMid.png" x="700" y="840" width="70" height="70"/>
	<SubTexture name="castleHalfRight.png" x="700" y="770" width="70" height="70"/>
	<SubTexture name="castleHillLeft.png" x="700" y="700" width="70" height="70"/>
	<SubTexture name="castleHillLeft2.png" x="700" y="630" width="70" height="70"/>
	<SubTexture name="castleHillRight.png" x="700" y="560" width="70" height="70"/>
	<SubTexture name="castleHillRight2.png" x="700" y="490" width="70" height="70"/>
	<SubTexture name="castleLedgeLeft.png" x="780" y="846" width="5" height="22"/>
	<SubTexture name="castleLedgeRight.png" x="770" y="846" width="5" height="22"/>
	<SubTexture name="castleLeft.png" x="700" y="280" width="70" height="70"/>
	<SubTexture name="castleMid.png" x="700" y="210" width="70" height="70"/>
	<SubTexture name="castleRight.png" x="700" y="140" width="70" height="70"/>
	<SubTexture name="dirt.png" x="700" y="70" width="70" height="70"/>
	<SubTexture name="dirtCenter.png" x="700" y="0" width="70" height="70"/>
	<SubTexture name="dirtCenter_rounded.png" x="630" y="840" width="70" height="70"/>
	<SubTexture name="dirtCliffLeft.png" x="630" y="770" width="70" height="70"/>
	<SubTexture name="dirtCliffLeftAlt.png" x="630" y="700" width="70" height="70"/>
	<SubTexture name="dirtCliffRight.png" x="630" y="630" width="70" height="70"/>
	<SubTexture name="dirtCliffRightAlt.png" x="630" y="560" width="70" height="70"/>
	<SubTexture name="dirtHalf.png" x="630" y="490" width="70" height="70"/>
	<SubTexture name="dirtHalfLeft.png" x="630" y="420" width="70" height="70"/>
	<SubTexture name="dirtHalfMid.png" x="630" y="350" width="70" height="70"/>
	<SubTexture name="dirtHalfRight.png" x="630" y="280" width="70" height="70"/>
	<SubTexture name="dirtHillLeft.png" x="630" y="210" width="70" height="70"/>
	<SubTexture name="dirtHillLeft2.png" x="420" y="350" width="70" height="70"/>
	<SubTexture name="dirtHillRight.png" x="420" y="490" width="70" height="70"/>
	<SubTexture name="dirtHillRight2.png" x="630" y="0" width="70" height="70"/>
	<SubTexture name="dirtLedgeLeft.png" x="770" y="868" width="5" height="18"/>
	<SubTexture name="dirtLedgeRight.png" x="770" y="886" width="5" height="18"/>
	<SubTexture name="dirtLeft.png" x="560" y="700" width="70" height="70"/>
	<SubTexture name="dirtMid.png" x="560" y="630" width="70" height="70"/>
	<SubTexture name="dirtRight.png" x="560" y="560" width="70" height="70"/>
	<SubTexture name="door_closedMid.png" x="560" y="490" width="70" height="70"/>
	<SubTexture name="door_closedTop.png" x="560" y="420" width="70" height="70"/>
	<SubTexture name="door_openMid.png" x="560" y="350" width="70" height="70"/>
	<SubTexture name="door_openTop.png" x="560" y="280" width="70" height="70"/>
	<SubTexture name="fence.png" x="560" y="210" width="70" height="70"/>
	<SubTexture name="fenceBroken.png" x="560" y="140" width="70" height="70"/>
	<SubTexture name="grass.png" x="560" y="70" width="70" height="70"/>
	<SubTexture name="grassCenter.png" x="560" y="0" width="70" height="70"/>
	<SubTexture name="grassCenter_rounded.png" x="490" y="840" width="70" height="70"/>
	<SubTexture name="grassCliffLeft.png" x="490" y="770" width="70" height="70"/>
	<SubTexture name="grassCliffLeftAlt.png" x="490" y="700" width="70" height="70"/>
	<SubTexture name="grassCliffRight.png" x="490" y="630" width="70" height="70"/>
	<SubTexture name="grassCliffRightAlt.png" x="490" y="560" width="70" height="70"/>
	<SubTexture name="grassHalf.png" x="490" y="490" width="70" height="70"/>
	<SubTexture name="grassHalfLeft.png" x="490" y="420" width="70" height="70"/>
	<SubTexture name="grassHalfMid.png" x="490" y="350" width="70" height="70"/>
	<SubTexture name="grassHalfRight.png" x="490" y="280" width="70" height="70"/>
	<SubTexture name="grassHillLeft.png" x="490" y="210" width="70" height="70"/>
	<SubTexture name="grassHillLeft2.png" x="490" y="140" width="70" height="70"/>
	<SubTexture name="grassHillRight.png" x="490" y="70" width="70" height="70"/>
	<SubTexture name="grassHillRight2.png" x="490" y="0" width="70" height="70"/>
	<SubTexture name="grassLedgeLeft.png" x="775" y="846" width="5" height="24"/>
	<SubTexture name="grassLedgeRight.png" x="775" y="870" width="5" height="24"/>
	<SubTexture name="grassLeft.png" x="420" y="700" width="70" height="70"/>
	<SubTexture name="grassMid.png" x="420" y="630" width="70" height="70"/>
	<SubTexture name="grassRight.png" x="420" y="560" width="70" height="70"/>
	<SubTexture name="hill_large.png" x="770" y="700" width="48" height="146"/>
	<SubTexture name="hill_largeAlt.png" x="840" y="106" width="48" height="146"/>
	<SubTexture name="hill_small.png" x="818" y="700" width="48" height="106"/>
	<SubTexture name="hill_smallAlt.png" x="840" y="0" width="48" height="106"/>
	<SubTexture name="ladder_mid.png" x="420" y="210" width="70" height="70"/>
	<SubTexture name="ladder_top.png" x="420" y="140" width="70" height="70"/>
	<SubTexture name="liquidLava.png" x="420" y="70" width="70" height="70"/>
	<SubTexture name="liquidLavaTop.png" x="420" y="0" width="70" height="70"/>
	<SubTexture name="liquidLavaTop_mid.png" x="420" y="280" width="70" height="70"/>
	<SubTexture name="liquidWater.png" x="350" y="770" width="70" height="70"/>
	<SubTexture name="liquidWaterTop.png" x="350" y="700" width="70" height="70"/>
	<SubTexture name="liquidWaterTop_mid.png" x="350" y="630" width="70" height="70"/>
	<SubTexture name="lock_blue.png" x="350" y="560" width="70" height="70"/>
	<SubTexture name="lock_green.png" x="350" y="490" width="70" height="70"/>
	<SubTexture name="lock_red.png" x="350" y="420" width="70" height="70"/>
	<SubTexture name="lock_yellow.png" x="350" y="350" width="70" height="70"/>
	<SubTexture name="rockHillLeft.png" x="350" y="280" width="70" height="70"/>
	<SubTexture name="rockHillRight.png" x="350" y="210" width="70" height="70"/>
	<SubTexture name="ropeAttached.png" x="350" y="140" width="70" height="70"/>
	<SubTexture name="ropeHorizontal.png" x="350" y="70" width="70" height="70"/>
	<SubTexture name="ropeVertical.png" x="350" y="0" width="70" height="70"/>
	<SubTexture name="sand.png" x="280" y="840" width="70" height="70"/>
	<SubTexture name="sandCenter.png" x="560" y="0" width="70" height="70"/>
	<SubTexture name="sandCenter_rounded.png" x="490" y="840" width="70" height="70"/>
	<SubTexture name="sandCliffLeft.png" x="280" y="770" width="70" height="70"/>
	<SubTexture name="sandCliffLeftAlt.png" x="280" y="700" width="70" height="70"/>
	<SubTexture name="sandCliffRight.png" x="280" y="630" width="70" height="70"/>
	<SubTexture name="sandCliffRightAlt.png" x="280" y="560" width="70" height="70"/>
	<SubTexture name="sandHalf.png" x="280" y="490" width="70" height="70"/>
	<SubTexture name="sandHalfLeft.png" x="280" y="420" width="70" height="70"/>
	<SubTexture name="sandHalfMid.png" x="280" y="350" width="70" height="70"/>
	<SubTexture name="sandHalfRight.png" x="280" y="280" width="70" height="70"/>
	<SubTexture name="sandHillLeft.png" x="280" y="210" width="70" height="70"/>
	<SubTexture name="sandHillLeft2.png" x="280" y="140" width="70" height="70"/>
	<SubTexture name="sandHillRight.png" x="280" y="70" width="70" height="70"/>
	<SubTexture name="sandHillRight2.png" x="280" y="0" width="70" height="70"/>
	<SubTexture name="sandLedgeLeft.png" x="785" y="888" width="5" height="18"/>
	<SubTexture name="sandLedgeRight.png" x="780" y="868" width="5" height="18"/>
	<SubTexture name="sandLeft.png" x="210" y="700" width="70" height="70"/>
	<SubTexture name="sandMid.png" x="210" y="630" width="70" height="70"/>
	<SubTexture name="sandRight.png" x="210" y="560" width="70" height="70"/>
	<SubTexture name="sign.png" x="210" y="490" width="70" height="70"/>
	<SubTexture name="signExit.png" x="210" y="420" width="70" height="70"/>
	<SubTexture name="signLeft.png" x="210" y="350" width="70" height="70"/>
	<SubTexture name="signRight.png" x="210" y="280" width="70" height="70"/>
	<SubTexture name="snow.png" x="210" y="210" width="70" height="70"/>
	<SubTexture name="snowCenter.png" x="700" y="0" width="70" height="70"/>
	<SubTexture name="snowCenter_rounded.png" x="210" y="140" width="70" height="70"/>
	<SubTexture name="snowCliffLeft.png" x="210" y="70" width="70" height="70"/>
	<SubTexture name="snowCliffLeftAlt.png" x="210" y="0" width="70" height="70"/>
	<SubTexture name="snowCliffRight.png" x="140" y="840" width="70" height="70"/>
	<SubTexture name="snowCliffRightAlt.png" x="140" y="770" width="70" height="70"/>
	<SubTexture name="snowHalf.png" x="140" y="700" width="70" height="70"/>
	<SubTexture name="snowHalfLeft.png" x="140" y="630" width="70" height="70"/>
	<SubTexture name="snowHalfMid.png" x="140" y="560" width="70" height="70"/>
	<SubTexture name="snowHalfRight.png" x="140" y="490" width="70" height="70"/>
	<SubTexture name="snowHillLeft.png" x="140" y="420" width="70" height="70"/>
	<SubTexture name="snowHillLeft2.png" x="140" y="350" width="70" height="70"/>
	<SubTexture name="snowHillRight.png" x="140" y="280" width="70" height="70"/>
	<SubTexture name="snowHillRight2.png" x="140" y="210" width="70" height="70"/>
	<SubTexture name="snowLedgeLeft.png" x="780" y="886" width="5" height="18"/>
	<SubTexture name="snowLedgeRight.png" x="785" y="846" width="5" height="18"/>
	<SubTexture name="snowLeft.png" x="140" y="0" width="70" height="70"/>
	<SubTexture name="snowMid.png" x="70" y="840" width="70" height="70"/>
	<SubTexture name="snowRight.png" x="70" y="770" width="70" height="70"/>
	<SubTexture name="stone.png" x="70" y="700" width="70" height="70"/>
	<SubTexture name="stoneCenter.png" x="70" y="630" width="70" height="70"/>
	<SubTexture name="stoneCenter_rounded.png" x="70" y="560" width="70" height="70"/>
	<SubTexture name="stoneCliffLeft.png" x="70" y="490" width="70" height="70"/>
	<SubTexture name="stoneCliffLeftAlt.png" x="70" y="420" width="70" height="70"/>
	<SubTexture name="stoneCliffRight.png" x="70" y="350" width="70" height="70"/>
	<SubTexture name="stoneCliffRightAlt.png" x="70" y="280" width="70" height="70"/>
	<SubTexture name="stoneHalf.png" x="70" y="210" width="70" height="70"/>
	<SubTexture name="stoneHalfLeft.png" x="70" y="140" width="70" height="70"/>
	<SubTexture name="stoneHalfMid.png" x="70" y="70" width="70" height="70"/>
	<SubTexture name="stoneHalfRight.png" x="70" y="0" width="70" height="70"/>
	<SubTexture name="stoneHillLeft2.png" x="0" y="840" width="70" height="70"/>
	<SubTexture name="stoneHillRight2.png" x="0" y="770" width="70" height="70"/>
	<SubTexture name="stoneLedgeLeft.png" x="785" y="864" width="5" height="24"/>
	<SubTexture name="stoneLedgeRight.png" x="790" y="846" width="5" height="24"/>
	<SubTexture name="stoneLeft.png" x="0" y="560" width="70" height="70"/>
	<SubTexture name="stoneMid.png" x="0" y="490" width="70" height="70"/>
	<SubTexture name="stoneRight.png" x="0" y="420" width="70" height="70"/>
	<SubTexture name="stoneWall.png" x="0" y="350" width="70" height="70"/>
	<SubTexture name="tochLit.png" x="0" y="280" width="70" height="70"/>
	<SubTexture name="tochLit2.png" x="0" y="210" width="70" height="70"/>
	<SubTexture name="torch.png" x="0" y="140" width="70" height="70"/>
	<SubTexture name="window.png" x="0" y="70" width="70" height="70"/>
</TextureAtlas>